job_id,company_name,title,location,formatted_work_type,formatted_experience_level,remote_allowed,sponsored,views,applies,application_type,pay_period,currency,normalized_salary,apply_rate,word_count,sentence_count,avg_word_length,flesch_reading_ease,flesch_kincaid_grade,sentiment_score,bullet_count,question_count,has_salary_language,has_benefits,has_flexibility,has_growth_language,has_culture_language,has_requirements_section,has_responsibilities_section,has_call_to_action,clarity_score
3898157558,,Azure Data Engineer,United States,Contract,Mid-Senior level,1.0,0,110.0,74.0,ComplexOnsiteApply,,,,0.6727272727272727,164,5,5.91,-36.8,22.8,0.0781,0,0,True,False,True,True,False,True,False,False,45.8
3886885021,Revature,Senior Data Engineer,United States,Full-time,Mid-Senior level,1.0,0,144.0,91.0,ComplexOnsiteApply,,,,0.6319444444444444,678,21,6.29,-46.01,24.33,0.2304,0,0,True,True,True,True,True,False,True,False,42.6
3899527467,Avant-garde Health,Data Analyst,Greater Boston,Full-time,Mid-Senior level,,0,330.0,207.0,ComplexOnsiteApply,,,,0.6272727272727273,199,4,6.47,-103.58,33.93,0.2836,0,1,False,True,True,True,True,True,True,False,10.3
3902769124,,Cloud AWS Engineer,United States,Contract,,1.0,0,261.0,159.0,ComplexOnsiteApply,HOURLY,USD,135200.0,0.6091954022988506,438,8,6.6,-122.07,37.01,0.3345,0,0,False,False,False,True,True,True,True,False,0.0
3886883127,ATC,Data Analyst-WA,"Washington, United States",Full-time,Entry level,,0,104.0,63.0,SimpleOnsiteApply,,,,0.6057692307692307,178,6,6.11,-33.16,22.19,0.2998,0,0,False,False,False,True,False,True,False,True,48.2
3894877576,Trinity Technology Solutions LLC,Java Developer Contract,"St Louis, MO",Contract,Mid-Senior level,,0,125.0,75.0,ComplexOnsiteApply,,,,0.6,158,1,6.16,-419.63,86.61,0.1591,0,0,False,False,False,True,False,True,False,False,0.0
3901349539,ChabezTech LLC,Senior Data Engineer,"Georgia, United States",Contract,Mid-Senior level,,0,959.0,566.0,ComplexOnsiteApply,,,,0.5901981230448383,203,1,6.72,-570.3,111.72,0.1404,0,0,False,False,False,True,True,True,True,False,0.0
3900963220,Acro Service Corp,Quality Assurance Automation Engineer,"Arizona, United States",Contract,Associate,,0,109.0,64.0,SimpleOnsiteApply,HOURLY,USD,83200.0,0.5871559633027523,173,11,6.55,-3.68,17.28,0.2281,0,0,False,False,False,True,False,True,False,False,67.9
3888480888,,Frontend Developer,United States,Full-time,,1.0,0,368.0,214.0,SimpleOnsiteApply,YEARLY,USD,80000.0,0.5815217391304348,364,5,6.23,-165.9,44.32,0.4193,2,1,True,True,True,True,True,True,False,True,0.0
3900977334,Irvine Technology Corporation,Sr DevOps Engineer `100% remote,"North Carolina, United States",Contract,Mid-Senior level,1.0,0,157.0,91.0,ComplexOnsiteApply,HOURLY,USD,150800.0,0.5796178343949044,302,10,5.94,-29.99,21.66,0.3453,1,0,True,True,True,True,False,True,False,True,54.4
3887114364,,SQL Developer,United States,Full-time,,1.0,0,353.0,203.0,ComplexOnsiteApply,MONTHLY,USD,112848.0,0.5750708215297451,248,4,6.74,-147.83,41.31,0.254,0,0,False,False,False,True,True,True,False,False,0.0
3904362449,Altimetrik,Java full stack developer,"Jersey City, NJ",Full-time,Mid-Senior level,,0,148.0,85.0,ComplexOnsiteApply,,,,0.5743243243243243,327,10,6.41,-50.57,25.1,0.8848,0,0,False,True,False,True,True,True,False,False,40.6
3905218096,E-Solutions,Software Development Engineer in Test,United States,Contract,Mid-Senior level,1.0,0,171.0,98.0,ComplexOnsiteApply,,,,0.5730994152046783,385,4,6.15,-233.84,55.64,0.4077,0,0,False,False,False,True,True,True,True,False,0.0
3886882363,AgileEngine,Middle/Senior Java Developer,United States,Full-time,Mid-Senior level,1.0,0,126.0,72.0,SimpleOnsiteApply,,,,0.5714285714285714,320,7,6.31,-86.95,31.16,0.559,0,0,True,True,True,True,True,True,False,False,16.4
3899536551,Sparkle Dryclean,Virtual Customer Service Representative (Remote),"California, United States",Full-time,,1.0,0,205.0,117.0,ComplexOnsiteApply,,,,0.5707317073170731,350,10,6.63,-63.9,27.32,0.7483,0,0,True,True,True,True,True,True,True,True,36.7
3886896808,"Envision Information Technologies, LLC",Project Manager (IT),United States,Full-time,,1.0,0,100.0,57.0,ComplexOnsiteApply,,,,0.57,391,11,6.79,-69.88,28.31,0.4046,0,0,False,True,True,True,True,True,False,False,27.8
3899546046,Falcon Smart IT (FalconSmartIT),Pyspark Developer,"New Jersey, United States",Contract,Mid-Senior level,,0,118.0,67.0,ComplexOnsiteApply,,,,0.5677966101694916,35,1,7.23,-80.7,30.12,0.0,1,0,False,False,False,False,False,False,False,False,11.5
3902939062,"Gardner Resources Consulting, LLC",Data Engineer,"Boston, MA",Contract,,1.0,0,830.0,470.0,ComplexOnsiteApply,,,,0.5662650602409639,274,3,6.78,-237.05,56.18,0.5437,0,0,False,True,False,True,True,True,True,False,0.0
3903478832,CirrusLabs,Lead SnowFlake Engineer/BI Engineer/ETL Engineer/Data Lead Engineer,"Alpharetta, GA",Contract,Mid-Senior level,,0,101.0,57.0,ComplexOnsiteApply,,,,0.5643564356435643,75,2,5.57,-41.42,23.57,0.0,1,0,False,False,True,False,False,False,False,False,37.7
3901662400,Ender-IT,Senior Data Bricks Engineer (Contract-to-Hire),"Denver, CO",Contract,Mid-Senior level,,0,298.0,168.0,ComplexOnsiteApply,,,,0.5637583892617449,266,2,6.34,-349.54,74.92,0.7358,2,0,False,True,False,True,True,False,False,False,0.0
3902948256,Adaptavist,Senior Data Analyst,United States,Full-time,Mid-Senior level,1.0,0,119.0,67.0,ComplexOnsiteApply,,,,0.5630252100840336,546,16,6.0,-43.25,23.88,0.5563,0,0,False,True,True,True,True,False,False,False,40.5
3901698974,Syntax,Azure Cloud Engineer,United States,Contract,Mid-Senior level,1.0,0,368.0,206.0,ComplexOnsiteApply,,,,0.5597826086956522,505,6,6.29,-201.76,50.29,0.3115,1,1,False,False,True,False,True,True,True,True,0.0
3900072860,Best High Technologies LLC (BHT),Data Engineer,"New Jersey, United States",Full-time,Associate,1.0,0,106.0,59.0,ComplexOnsiteApply,YEARLY,USD,125000.0,0.5566037735849056,19,1,6.21,-3.93,17.32,0.0,3,0,False,False,False,False,False,True,False,False,67.7
3887103294,SANDOW,Sales Operations Coordinator,United States,Full-time,Associate,1.0,0,315.0,175.0,ComplexOnsiteApply,YEARLY,USD,67500.0,0.5555555555555556,460,11,6.05,-67.85,27.97,0.746,0,0,False,False,True,True,True,True,False,False,25.1
3901357055,Oloop Technology Solutions,Senior Java Software Engineer,"Pittsburgh, PA",Contract,Mid-Senior level,,0,578.0,321.0,ComplexOnsiteApply,,,,0.5553633217993079,152,3,5.95,-91.49,31.92,0.3244,1,0,False,False,False,True,True,True,False,False,9.3
3903470264,GeorgiaTEK Systems Inc.,DevOps Engineer,"Philadelphia, PA",Contract,Mid-Senior level,,0,245.0,136.0,ComplexOnsiteApply,,,,0.5551020408163265,229,21,6.1,23.59,12.73,0.4626,0,0,False,False,False,True,True,True,True,False,91.1
3901460656,Infojini Inc,Data Engineer,"Los Angeles, CA",Contract,Mid-Senior level,,0,227.0,126.0,ComplexOnsiteApply,,,,0.5550660792951542,279,17,6.32,0.67,16.56,0.1197,1,0,False,False,True,True,True,False,False,False,65.8
3886883057,Avesta Computer Services,Senior ETL Data Engineer,United States,Full-time,Mid-Senior level,1.0,0,222.0,123.0,ComplexOnsiteApply,,,,0.5540540540540541,246,5,6.05,-90.07,31.68,0.4463,0,0,False,False,False,True,True,True,True,False,15.3
3899523315,Automated Retail Technologies,Customer Success Manager,United States,Full-time,,1.0,0,289.0,160.0,ComplexOnsiteApply,YEARLY,USD,77500.0,0.5536332179930796,682,13,6.15,-102.55,33.76,0.2298,1,0,True,True,True,True,True,True,True,False,9.7
3902937134,Bayforce,Azure Cloud Engineer,"Montvale, NJ",Contract,Mid-Senior level,,0,294.0,162.0,ComplexOnsiteApply,,,,0.5510204081632653,288,5,6.51,-128.11,38.02,0.2357,0,0,False,False,False,False,True,True,True,False,0.0
3903450989,Straight Arrow News,Data Analyst,United States,Full-time,Associate,1.0,0,360.0,198.0,ComplexOnsiteApply,YEARLY,USD,115000.0,0.55,346,11,6.23,-41.71,23.62,0.4301,0,0,False,False,False,True,True,True,False,False,42.5
3887721401,Empeople Credit Union,Information Security Analyst,"Maine, United States",Full-time,Associate,1.0,0,160.0,88.0,ComplexOnsiteApply,,,,0.55,649,15,6.71,-90.94,31.82,0.3533,1,0,True,True,False,True,True,True,True,False,18.7
3901992412,Redpoint Talent,Digital Marketing Manager,United States,Full-time,Mid-Senior level,1.0,0,144.0,79.0,ComplexOnsiteApply,YEARLY,USD,100000.0,0.5486111111111112,436,22,6.39,-11.39,18.56,1.0057,1,0,True,True,True,True,True,True,True,True,71.8
3899524727,ISoftech Inc,AWS & Java API Developer,Washington DC-Baltimore Area,Contract,Mid-Senior level,1.0,0,465.0,255.0,ComplexOnsiteApply,,,,0.5483870967741935,79,1,7.44,-218.76,53.13,0.45,0,0,False,False,False,True,False,False,False,False,0.0
3898160925,Equity Staffing Group,SQL Developer,United States,Contract,Mid-Senior level,1.0,0,900.0,493.0,ComplexOnsiteApply,HOURLY,USD,112320.0,0.5477777777777778,117,3,6.31,-66.68,27.78,0.3698,0,0,True,False,False,True,False,False,False,False,20.9
3886882436,Robert Half,Sr. .NET Developer,"Denton, TX",Contract,Mid-Senior level,,0,325.0,178.0,ComplexOnsiteApply,HOURLY,USD,140400.0,0.5476923076923077,496,9,6.15,-110.53,35.09,1.0327,0,0,False,False,True,True,True,True,True,False,1.6
3886879480,ATC,Data Analyst-VA,"Virginia, United States",Full-time,Entry level,,0,110.0,60.0,SimpleOnsiteApply,,,,0.5454545454545454,178,6,6.11,-33.16,22.19,0.2998,0,0,False,False,False,True,False,True,False,True,48.2
3901374682,IntelliSavvy,Data Quality Engineer - Spark/PySpark/Databricks,United States,Contract,,1.0,0,114.0,62.0,ComplexOnsiteApply,,,,0.543859649122807,132,3,6.14,-77.05,29.51,0.0,0,0,False,False,True,False,False,False,True,False,19.0
3899542595,Insight Global,Power BI Analyst,"Florida, United States",Full-time,Mid-Senior level,1.0,0,451.0,245.0,ComplexOnsiteApply,YEARLY,USD,100500.0,0.5432372505543237,233,7,6.53,-55.76,25.96,0.1965,0,0,False,True,False,False,True,False,True,False,37.2
3899534432,"LanceSoft, Inc.",Data Analyst,"Richmond, VA",Contract,Mid-Senior level,,0,334.0,181.0,ComplexOnsiteApply,,,,0.5419161676646707,185,1,6.38,-506.67,101.11,0.147,0,0,False,False,False,True,False,True,True,False,0.0
3900953972,iConsultera,Recruiter,United States,Full-time,Entry level,1.0,0,584.0,315.0,SimpleOnsiteApply,,,,0.5393835616438356,253,2,6.81,-343.38,73.9,0.0,0,0,False,False,True,False,False,True,False,True,0.0
3904943673,Compunnel Inc.,Data Engineer,"Merrimack County, NH",Contract,Mid-Senior level,,0,723.0,389.0,ComplexOnsiteApply,,,,0.5380359612724758,232,6,6.19,-62.22,27.04,0.0,0,0,False,False,False,False,False,True,False,False,28.8
3899522047,Synechron,Sr. Data Engineer _ NYC,New York City Metropolitan Area,Full-time,Mid-Senior level,,0,106.0,57.0,ComplexOnsiteApply,YEARLY,USD,130000.0,0.5377358490566038,510,8,6.3,-140.71,40.12,0.7971,0,0,True,True,True,True,True,True,True,True,0.0
3905221052,Amtex Systems Inc.,Site Reliability Engineer,"California, United States",Contract,Mid-Senior level,1.0,0,129.0,69.0,ComplexOnsiteApply,,,,0.5348837209302325,33,2,6.0,9.52,15.08,0.0,0,0,False,False,False,False,False,False,False,False,71.7
3901372773,Brooksource,Java Software Engineer,"Morris Plains, NJ",Contract,Mid-Senior level,,0,273.0,146.0,ComplexOnsiteApply,HOURLY,USD,140400.0,0.5347985347985348,398,9,6.53,-88.49,31.41,0.7519,0,0,False,True,False,True,True,True,True,False,20.4
3887708891,Synergy Systems,Senior Technical Recruiter,"Dallas, TX",Contract,,1.0,0,554.0,296.0,ComplexOnsiteApply,HOURLY,USD,104000.0,0.5342960288808665,415,6,6.86,-172.86,45.48,0.2454,1,1,True,False,False,True,True,True,True,False,0.0
3902949919,IntelliX Software Inc,Dotnet Developer,"Harrisburg, PA",Contract,Mid-Senior level,,0,201.0,107.0,ComplexOnsiteApply,,,,0.5323383084577115,327,18,6.34,-4.99,17.5,0.4977,0,0,False,False,True,True,True,True,False,False,67.0
3900986494,Sogeti,Azure DevOps Engineer,United States,Full-time,Associate,1.0,0,141.0,75.0,ComplexOnsiteApply,,,,0.5319148936170213,319,12,5.87,-16.92,19.49,0.112,0,0,True,True,False,False,False,False,False,False,58.0
3889771499,Mindlance,Java Software Engineer,"Reston, VA",Contract,Mid-Senior level,,0,126.0,67.0,ComplexOnsiteApply,HOURLY,USD,130000.0,0.5317460317460317,46,1,6.24,-85.74,30.96,0.1474,0,0,False,False,True,False,False,False,False,False,8.2
3899530902,Rockwoods Inc,Java Software Engineer,United States,Contract,Mid-Senior level,1.0,0,636.0,338.0,ComplexOnsiteApply,,,,0.5314465408805031,88,3,6.65,-47.28,24.55,0.2132,5,0,False,False,True,True,False,True,False,False,38.8
